name	version	base_url	starting_year	customer_id	requestor_id	api_key	platform	requires_two_attempts	does_ip_checking	needs_throttling	notes	provider
Justin Spence	5.1	http://www.miles.org/counter/r51/reports	2010	080964768	084566337	1fb6a0bd-a283-4523-8269-d57fc6bdca4a	760a511	True	False	True	Someone college powe	Friend cur
Tonya Gibson	5.1	http://cook-pham.com/counter/r51/reports	2018	021763944	040867889	2d6046d6-806b-48f0-a1e1-802bc1f84b05	ba38263	False	False	True	Challenge away neces	Certainly 
Sharon Grant	5.1	http://www.johnson.org/counter/r51/reports	2015	117201763	011174446	fb2be494-4395-43b0-8d28-8d1cad9cf851	5008c62	False	False	False	Continue about some 	Reveal fin
Charles Vaughan	5.1	https://sampson.com/counter/r51/reports	2008	027741630	045778711	6c1d12e4-ee2a-4239-b934-c2167933f073	71e97d5	True	True	False	Response theory wond	Job respon
Mrs. Carrie Stevens	5.1	https://www.chase.info/counter/r51/reports	2011	042003528	011453769	5128a85a-4027-4b73-bc2d-e951954fa0de	690e442	True	True	True	Collection rise up b	Say free e
Erica Koch	5.1	https://reed-moore.info/counter/r51/reports	2009	090606252	024679433	1a4fbcf8-dcb3-490c-a73b-7a247e27a104	7c12bcc	False	False	False	Upon reason alone de	Talk maybe
Dustin Adams	5.1	http://www.jensen.com/counter/r51/reports	1972	028943107	068886693	d57de199-d586-4556-8288-cf0e570f6bbc	d07b98b	False	True	False	Finish candidate ser	Consumer g
Amy Knight	5.1	https://www.garner.com/counter/r51/reports	2021	048907644	076979026	08bf62b4-2e60-4a72-b0fa-74cf59e2dcb6	efb700c	False	True	False	Somebody set sister 	First agai
Amber Smith	5.1	http://lee.com/counter/r51/reports	2021	053371566	121851112	c6de36ea-f2bc-46d5-b448-91e3642f5e94	e533fd5	False	True	True	Him dinner education	Do stuff r
Gary Hunter	5.1	https://www.baker-gill.com/counter/r51/reports	2000	037719432	024268666	2e8f29a7-76aa-4dfd-9074-4c213d4a4e7a	e5ec215	True	True	False	Artist pretty husban	Attention 
Cameron Sanchez	5.1	https://www.taylor-jimenez.com/counter/r51/reports	1997	110627467	095678829	f0119942-8aca-4bd7-b68f-5950397b9f25	6125c7f	True	True	False	Direction beautiful 	Let from a
Joseph Jackson	5.1	http://www.blanchard.net/counter/r51/reports	2009	105413699	093925655	c211cb4c-9ce9-4b5d-90a3-67963055df73	8a0a446	False	False	True	All ahead informatio	Federal ha
Kristin Hill	5.1	https://www.miller.net/counter/r51/reports	1999	012349047	046683232	bbd94215-d051-4694-a9a6-aae33fcab9a3	54344c5	False	False	True	Quite safe pattern p	Particular
Katrina Smith	5.1	https://www.cook-johnson.com/counter/r51/reports	1984	034002100	097856542	3127116d-0b43-4d63-8a55-ed578a4cc746	58adcc6	True	False	False	Exactly lay physical	Able publi
Elizabeth Nelson	5.1	https://dorsey.com/counter/r51/reports	1986	060998039	052292785	65836d7c-2768-47ef-bab5-ba045455ba25	55fd8e0	True	False	True	Drug half purpose ad	Order serv
Shawn Wolf	5.1	http://www.vargas-williams.org/counter/r51/reports	2018	029712324	094231940	3e9fd30a-119a-42e5-a6c5-462b7087bc58	b48ad66	True	False	True	Pretty policy job su	Product ec
Bryan Hutchinson	5.1	https://www.butler-bowers.com/counter/r51/reports	2021	082738905	032595444	0a1fdd0a-43b6-4f88-a362-9dd4f6f83bc5	c0a1981	True	True	False	Total film feeling R	Occur say 
Brett Long	5.1	https://www.duran-gallegos.com/counter/r51/reports	1996	060086747	082926940	8ed35b8f-7697-4ddd-8bbc-e9723da79a77	e744b65	False	False	True	Itself traditional n	Example tr
Jennifer Garcia	5.1	https://www.johnson.info/counter/r51/reports	1988	129097486	067592098	521f51e2-7546-4ce1-9820-fd91dc9f201c	fd79432	True	True	False	Answer campaign inve	Energy win
Linda Hoffman	5.1	https://freeman.biz/counter/r51/reports	1988	073752259	129590077	35a8cda2-0108-45a9-afcb-73336b451c56	a013151	False	True	True	Outside eat more pos	Include ne
Ronald Davis	5.1	http://www.pearson-long.com/counter/r51/reports	1983	028916749	128185726	87a49844-29ff-4325-bdc6-37360ad48f95	10cdd94	False	True	True	Example always shoul	Enjoy seri
Douglas Stewart	5.1	https://www.gonzalez-garcia.com/counter/r51/reports	1994	082974507	085382866	f2c461f4-cec0-4c35-8e86-a77c23445c7e	63b4631	True	False	True	Show forward job for	Evidence m
Edward Davis	5.1	http://fields-taylor.org/counter/r51/reports	2019	086290614	046958996	c4189987-c1e8-45d2-84c7-91edb111c9e6	fe4c1f7	True	False	True	Shoulder live countr	Site respo
Cody Moore	5.1	http://jones-clark.com/counter/r51/reports	2016	073600864	129799014	7318eb54-2b96-4505-a025-1c857697b35b	2ea1168	False	True	False	Possible more near d	World happ
Manuel Rangel	5.1	http://www.fletcher-lawson.com/counter/r51/reports	2002	099803904	083075793	c918ac4f-fbf0-4844-a4b3-3a12981d0477	8d23491	True	False	True	Light season use min	Fund red s
Jared Miller	5.1	https://byrd.org/counter/r51/reports	1972	108716526	044305648	0fd419a1-2f54-4535-b030-8f20faf8b4b4	71c214a	True	True	True	Lay magazine center 	Then my fa
Janice Phillips	5.1	https://mahoney.com/counter/r51/reports	2018	069723030	047067666	9d572c13-f5bb-465a-82ff-8cf45b0d9105	9f62d00	False	False	True	Give strong culture.	Yourself h
James Bond	5.1	http://www.dixon.com/counter/r51/reports	1994	050369940	065085840	9ec2a73f-e140-4f44-8845-e7636d1d1fac	b539b13	False	False	True	Far eye edge throw p	Arrive tho
Timothy Harrison	5.1	https://www.weber.info/counter/r51/reports	1988	093333454	021239588	e83694be-b5f2-4c9e-a11a-66fe62e74e68	a43a2bf	True	False	True	Environmental consum	Cold own t
Erika Stone	5.1	https://cisneros-butler.net/counter/r51/reports	1993	118843214	024754293	16235623-cbcf-49ed-960c-9bf8bb110f79	f4e8867	False	True	True	May bring similar we	Guess to n
Susan Lyons	5.1	http://morris.org/counter/r51/reports	2018	083878754	051067351	13565228-4e25-4b7d-b68e-173d9f80d5e6	c5f3e44	False	True	False	Continue thank clear	Attention 
Shelley Johnson	5.1	http://www.york.net/counter/r51/reports	1998	093345400	060221832	49f0292e-751e-424f-91d6-af796b39bcc2	9ef779b	False	True	False	Green size remember.	Write mana
Ms. Alyssa Bonilla	5.1	http://greer.com/counter/r51/reports	1976	024976796	119723320	9929fad5-d7b4-4732-85c6-47638c2f5d7a	aeadbae	False	False	False	Soldier teacher memo	See qualit
James Lozano	5.1	https://evans.com/counter/r51/reports	2016	065127999	065975536	a9b71908-d1ba-462a-a778-778ef97d9dc8	7e221e1	True	True	False	Effort south require	Design cha
Matthew Silva	5.1	https://davis.biz/counter/r51/reports	2001	082337791	087241989	3b94140e-6628-4920-b350-e11b9e252e10	d6a52e4	True	True	False	Maintain thank from 	Expect fig
Melissa Simpson	5.1	http://www.rodgers.com/counter/r51/reports	2008	040958028	106293494	944028ff-4115-4ac1-8178-583f1dec8466	e67cf6a	True	True	True	Economic need indivi	Think fina
Samantha Johnston	5.1	http://www.nguyen.net/counter/r51/reports	1985	066006323	020141965	d7472405-eb06-490b-9ab5-239db0d748f1	aebb09d	True	True	False	Whole east establish	Turn reach
Bob Bell	5.1	http://www.walters.com/counter/r51/reports	1973	075874928	036796430	301ccf9b-5db3-4376-976b-45cb573df550	5026824	True	False	False	Matter we owner if s	Send hot p
Charles Jackson MD	5.1	http://www.graham.com/counter/r51/reports	2008	079255763	095823700	922a1c15-a23d-46eb-b647-e5dbc3728318	959daf7	False	False	False	Discover collection 	Light late
Karen Baker	5.1	http://www.gould.net/counter/r51/reports	1994	081993521	049212354	68286f44-86d6-4f5a-9038-f7390dc723c4	65ea152	False	False	False	Interview trial comp	About hund
Stefanie Cochran	5.1	http://www.gutierrez.net/counter/r51/reports	1982	089845875	100789823	efcf1251-8e59-4e90-9f35-ad5ac3b327e4	3cbaae0	True	False	False	Mrs show daughter re	Individual
Angela Robinson	5.1	https://scott-campbell.com/counter/r51/reports	1995	112605966	081511372	17cfc24d-35c1-4d97-a34a-bca3a348a769	8c09ed9	False	True	True	Window our quickly l	Surface ca
David Byrd	5.1	http://mckee.com/counter/r51/reports	2010	046970013	071772972	d7d38f9f-cc8b-4030-a629-b3f638e0fcd3	81baa3b	False	True	False	Investment stay succ	Age use wi
Sandra Norman	5.1	http://maxwell.com/counter/r51/reports	1993	052812547	011633521	f2d373c0-ad94-4a0c-9ec0-752680420fc1	9ee1a5f	True	False	True	Heavy national let h	Art cold l
Julian Vega	5.1	http://lopez-guzman.com/counter/r51/reports	1986	032610413	080759915	7a671c96-8a87-4c41-ad77-eda881805ac7	2fa68bb	False	True	False	Say two method Democ	Most firm 
Marcus Fry	5.1	https://faulkner.com/counter/r51/reports	2010	075241784	057510886	7b574797-a851-4a8c-9563-4a1770649e32	764e681	True	True	True	College gun get room	Probably i
Mrs. Christina Rowland	5.1	http://www.wade.com/counter/r51/reports	1978	067003998	018885916	2f5a597f-546b-4c24-bd4e-cf3adb0bfc23	825ed11	False	True	False	Indeed behind thank 	Probably b
Sara Holmes	5.1	http://www.rush-french.info/counter/r51/reports	2001	129557586	068541132	ce68e2b8-9dbf-4c23-9900-83b530464f32	69968e0	True	False	False	Clearly trip cell co	Hospital b
Richard Evans	5.1	http://www.williams-tate.net/counter/r51/reports	1994	088868646	044385037	3469f7b2-0ff1-4188-bf0e-994f3707b92e	4f91999	True	True	True	Many trade him meet 	Too when c
Denise Lopez	5.1	http://adams.com/counter/r51/reports	2003	064928186	071266433	7c20c9f8-63bb-4b5a-a8af-f3de82cd942c	a1818bb	False	False	False	Prevent road when. A	Situation 
Timothy Moses	5.1	http://preston-martin.com/counter/r51/reports	2001	110719032	020012052	ae0995fb-0a53-45b4-8f09-06b763e8fc6f	649d3b5	True	True	False	International over s	Fund eveni
James Garrett	5.1	https://hernandez-young.com/counter/r51/reports	2017	085968811	093483333	82e6e914-1175-48e4-8c67-c39108ac29e0	31c493e	False	False	False	Doctor shake unit if	Something 
Kayla Fowler	5.1	http://www.smith.net/counter/r51/reports	1984	048031280	092157097	afe0583d-3360-45e3-939d-d64427b9a3b9	a2a0b64	False	True	False	She month we back. S	Collection
Jennifer Duffy	5.1	https://brown.com/counter/r51/reports	1999	087070668	055596129	5b84cf62-bce4-4c5d-8cf1-4bfb27930d31	0e09312	False	True	True	Market energy hot fr	Pattern th
Julie Hill	5.1	https://www.moody.com/counter/r51/reports	1978	087365483	109022183	b69168c5-8388-400b-8357-15c029990b36	4070ced	True	True	False	Company many materia	Task able 
Miss Alexis Villegas DVM	5.1	http://www.myers-thompson.org/counter/r51/reports	1985	127513962	040755276	0131ffe9-aeaf-429c-8899-72ec573cd6a0	596f8d8	False	True	False	Air common move seas	Marriage p
Glenn Jackson	5.1	https://downs-brown.com/counter/r51/reports	1970	043322716	091535733	ec273330-418c-4f02-ba71-550141567157	a8706f7	True	True	False	Pick myself herself 	Far small 
Diana Brown	5.1	https://pham.com/counter/r51/reports	2021	090570812	119394652	2dc930cf-4c2e-45b9-9949-7b7b9c150469	97a386f	True	True	True	Available few deep r	Challenge 
Margaret Romero	5.1	http://suarez-maxwell.net/counter/r51/reports	1971	041467178	013133359	ead017e4-a90a-4a47-b91b-17091e759a30	dd9cccb	False	False	True	Second debate task l	Small hope
Michele Cruz	5.1	http://york.com/counter/r51/reports	1992	086300216	090677003	76efceb8-4df7-4f5b-a92b-9faacfc7d179	04b5e3d	True	True	True	Consider eight lot. 	Its betwee
Scott Gallagher	5.1	https://cruz.com/counter/r51/reports	2000	078961553	015618982	3003e2df-1bf2-4a20-8a30-c6d8a1c27fd3	4ed9ec9	True	False	True	Gas economy rise can	Treat eye 
Dr. Kristin Anderson	5.1	https://www.green.org/counter/r51/reports	2009	017219444	084066277	ad6897b8-ba5d-49a3-8976-f074354a59b0	732bb11	True	True	False	Walk law score. Bed 	Allow body
Patrick Hudson	5.1	https://mclean-moss.com/counter/r51/reports	1995	082397809	057012436	e790d799-8dfd-4da9-a1a6-8ec3213d0ece	b87816f	False	False	False	Game stock term wife	Yeah thoug
Lee Ramirez	5.1	https://huang.biz/counter/r51/reports	2018	124859098	043134603	d2656912-43b3-4f81-9708-2408d2a0c46b	5312638	False	False	True	Number conference ba	Seem media
Justin Soto	5.1	http://www.becker.org/counter/r51/reports	2013	043303337	055589686	f1155eb1-5c7a-415b-9655-9053b6c56a86	fc793c1	False	False	False	Drug however marriag	Develop ev
Kelly Walker	5.1	https://powell.com/counter/r51/reports	1980	086795724	128502011	7a5b0ac7-a9d5-4f50-b51d-be5e7411e3f0	772ddc6	False	True	True	Fear reduce term hol	Grow analy
Hannah Summers	5.1	http://www.davis.com/counter/r51/reports	1987	071803003	050212330	d4c06340-0b67-4e06-9c56-2bb5f58f75ad	a4bd4c9	True	True	True	Physical later effor	Wide sit n
Laura Beck	5.1	http://mays.org/counter/r51/reports	2001	109028132	085643709	2ca1fab3-9ad1-45db-9215-8817da9faf62	324e27c	False	False	False	Institution each usu	Everyone w
William Singh	5.1	http://villanueva-howard.net/counter/r51/reports	1975	050769935	034473645	00a82a8e-1677-48b2-b0a5-9acf5fc2aafe	433f54e	False	True	True	World simple remain 	Improve si
Diane Ward	5.1	https://reyes.com/counter/r51/reports	1970	041077296	084911429	fec4404b-de6a-4177-a0c3-8ac737e50cbd	5405717	False	True	False	The option someone c	Return box
John Weeks	5.1	http://hicks.com/counter/r51/reports	2000	071067441	066200909	7dfa47d2-1c46-41ea-b2fc-54b17ea0b0ff	72ba10e	False	False	True	Class several up cen	Everyone h
Judith Pham	5.1	http://hernandez.info/counter/r51/reports	2008	106697508	081590348	4ffc4171-b867-4f34-ad7b-8279fc0b760f	a9f169c	False	False	False	Foot week product wh	Individual
Lisa Jackson	5.1	http://bonilla-baker.com/counter/r51/reports	2018	116152305	019669791	165788b1-7cd6-4bae-8eef-bcd8db28d8ee	8341ee9	True	True	True	Between identify bet	Quality ca
Jennifer Robinson	5.1	http://lee-riley.info/counter/r51/reports	2008	012813337	082902760	937d8dbb-b34e-40b6-9546-ab72fd2814d2	26b0dbc	False	True	True	Need view huge becom	Red party 
Elaine Carney	5.1	http://klein-adams.com/counter/r51/reports	1989	125027117	036116188	2719d7ee-2907-4176-ac0b-f282f3d868d3	6c9584b	True	True	True	List statement wife 	Example gr
Jessica Banks DVM	5.1	http://rodriguez.biz/counter/r51/reports	1997	076603538	114258227	b7415f82-6e83-466c-8fd4-aa840b8b9cbc	39544cb	False	False	False	Always five audience	Either col
Derek Payne	5.1	https://www.chapman.com/counter/r51/reports	1977	106354621	072604065	b0316507-b28b-4a0e-ae78-7f211cd00d3b	246dcab	True	True	True	All really tough TV 	Son body d
Brian Kline	5.1	https://www.allen.org/counter/r51/reports	1978	046898030	025857733	b1abfdcc-2295-4922-b39b-8d11b3deca8c	cc188ad	True	False	False	Say former you help 	Study acti
Rachel Simpson	5.1	https://www.cooper-fletcher.com/counter/r51/reports	1990	011377476	040319780	feac7ffd-131a-485b-a745-a27c01dd8391	d7485e2	False	False	False	Reveal election part	Image maga
Jeremy Johnson	5.1	https://hamilton.biz/counter/r51/reports	1972	034867840	039538653	0c380cbf-6908-4cf0-9104-e61fa70383c7	0c868b1	False	False	False	Support brother gene	Choose any
Danielle Collins	5.1	http://www.king-woods.org/counter/r51/reports	1971	089828070	121509079	4bee067b-028d-45c4-8f8c-88071817e1d7	9497b31	True	False	True	Worry system three r	Open type 
Jacqueline Smith	5.1	https://flores-townsend.org/counter/r51/reports	2010	111090190	014426751	306a0757-d67d-4596-894a-241789917fcf	b40199f	True	True	False	Leave six after most	Evidence p
Kathleen Simpson	5.1	http://www.huang.net/counter/r51/reports	1990	063184183	095982353	dfaeaeb4-e283-4c0c-add2-8f5e933d7041	bd7ad3e	True	False	False	Hard race news drop.	Blue invol
Walter Harris	5.1	http://www.ryan.com/counter/r51/reports	1989	119965780	096155257	c503acd0-bcc0-4838-b4e4-8879856f14e3	5505b18	True	True	False	Term page local migh	Certain tr
Michelle Washington	5.1	http://www.medina.com/counter/r51/reports	2010	021223604	075909880	298d4e66-fa7f-4dbf-8bc5-7f74011e11f2	788878d	False	False	True	After gas occur know	Nice incre
Kelly Brown	5.1	https://www.henry.biz/counter/r51/reports	2013	099092074	033667012	6343dd0f-2f9e-4065-8764-4ad96c664a30	670646b	False	True	False	Democratic young sha	Program gu
Jonathan Maldonado	5.1	http://www.williams-thompson.biz/counter/r51/reports	1979	093270973	093069388	d7b53087-dbe0-42a4-b57c-66b58d8de254	8b23e10	True	False	True	Beautiful dog say ad	Partner lo
Christina Vargas	5.1	https://howe-riley.com/counter/r51/reports	1989	114665849	124610842	52d471e7-7940-4b43-b88b-a738166d322c	174449f	True	False	False	Soldier during whom 	Own necess
Samuel Chase	5.1	http://www.swanson.info/counter/r51/reports	1990	093400468	055148496	a5f26fbb-4ee8-41fd-9c2b-71634709a49d	598eadb	True	True	False	Court inside station	Card save 
Jasmine Palmer	5.1	https://www.johnson.com/counter/r51/reports	1976	017102849	039459693	922a5406-5345-454d-8140-9f930e088d54	944e312	False	True	False	Environmental people	Personal v
John Lewis	5.1	https://atkins.org/counter/r51/reports	1975	081777310	099476331	53ee1339-cff0-4fc3-bda7-4fe515eb2985	cf12e26	False	False	True	Half near story clai	Add qualit
Amy Hall	5.1	http://thornton.com/counter/r51/reports	1992	055153737	042759762	cafe64b6-d0e0-466e-921a-fb88d4145907	6745623	False	True	True	Discover product man	Hair how c
Cynthia Garrett	5.1	https://james.info/counter/r51/reports	1999	019871084	079985693	515bdd52-a5b0-4c35-b54d-4afbdafb62b2	c1a5cbc	True	True	False	Interesting stuff TV	Record pre
Larry Ferguson	5.1	https://www.thomas.info/counter/r51/reports	2004	083615962	112402088	58e115ac-663a-4226-898c-739490dd2f34	c9b351d	True	True	False	Nor rest front parti	We hundred
Teresa Hurst	5.1	https://www.rodriguez.org/counter/r51/reports	1982	044223597	027006731	e4775d1b-8efa-4794-8d43-c7c594c8baee	3ed5d1e	False	False	True	Green picture half j	Three catc
Jeremy Sellers	5.1	https://cox.com/counter/r51/reports	2023	105156011	026032599	690035fe-c031-4783-8e01-7b397e660710	f7bcb54	False	True	False	Audience whether tho	Who food c
David Taylor	5.1	http://austin.com/counter/r51/reports	1970	107106412	063690088	a2825cf3-9ab7-44a5-bb95-8d302f4cbf77	98dc7f6	True	False	False	Reason side any yard	Remain sta
Charles Wade	5.1	http://harrison-rodriguez.com/counter/r51/reports	2018	018003028	040310242	ffeb031e-cb3a-4aff-b336-9dde15616ce3	6c13173	True	False	True	Five our body play b	Democrat r
Tyler Nielsen	5.1	http://kim-parker.com/counter/r51/reports	1996	118271365	050499739	1ed3ba4b-541a-4710-8def-8cf5894e294c	c78673b	False	False	True	Military turn guy ge	Always fig
Derek Hines	5.1	https://www.davis.com/counter/r51/reports	2006	042553890	072875865	3ac09afa-adf6-4f5f-95c9-573d418c3968	a62a0b3	True	True	True	Exactly list mind na	Sea measur
Ashley Sandoval	5.1	https://wright.com/counter/r51/reports	2013	108201183	077969970	78e465b2-0457-4821-a21b-a08b4996403b	0b0e6f7	False	True	True	Return military mach	Fear least
Tamara Price	5.1	https://www.bailey.com/counter/r51/reports	1982	095965943	039981381	360bb149-8961-4a5f-b7be-32b2d05a61fa	9abdf25	True	False	False	Continue seek it sev	Add adult 
Elizabeth Ortiz	5.1	http://www.hicks.com/counter/r51/reports	1996	055993502	058593815	fb344b3e-1ee8-43dd-a8a2-f8561788f23c	bbb0a88	False	True	True	Shake section life m	Home staff
Elizabeth Williams	5.1	https://www.thomas.net/counter/r51/reports	1999	095216689	022592318	5521b54d-38db-4c95-b9e5-2b6a4c1b55ba	e8219fa	True	False	False	Suggest discussion t	Thought fi
Barbara Porter	5.1	https://www.campbell-winters.org/counter/r51/reports	2011	011658409	026405388	7516d23d-756b-430c-9be7-57aa512e3058	9aefccd	True	False	True	Serious hold animal.	Economic h
Deborah Johnson	5.1	https://www.grimes.com/counter/r51/reports	2002	048829887	056953172	6f264f68-8804-4841-9a13-cf60203ca41c	8d4f759	False	False	False	Successful road mess	Game missi
Mathew Ford	5.1	http://www.kelly-rush.com/counter/r51/reports	1974	027205891	071070357	4387f9f6-a7e4-44a6-a357-2ad833179110	6d2040e	False	True	False	Appear dinner develo	Property i
Michele Krueger	5.1	http://meyers-mathews.com/counter/r51/reports	1997	027857799	079163525	fc3c5f19-d991-444a-838c-52a92cdaffcd	b351328	False	True	True	Include success cont	Trouble pe
Shannon Austin	5.1	http://www.alvarado-chapman.net/counter/r51/reports	1986	071311728	104599336	4d44c67c-37f8-4a20-9773-10a728c92dfc	df33510	True	False	False	Game woman yourself 	Fear offic
Leslie Wilson	5.1	https://www.smith.com/counter/r51/reports	2000	089857740	015265542	3c63c99a-b8bf-47a0-9255-37d6e7a9ddc9	ce7b55f	False	False	True	So do account join s	Manage sug
Joshua Turner	5.1	http://fletcher.com/counter/r51/reports	2005	080932334	118506496	5f3bd3ea-a228-47e7-ba03-ce6601d8ac82	3dbf139	True	False	False	Success surface styl	Ball there
Mallory Brown	5.1	https://www.atkins.net/counter/r51/reports	2023	045350854	100647101	212caa50-49e1-4e9a-81f1-f412a449aa36	17a09a8	True	False	True	Necessary result muc	Value also
David Lyons	5.1	http://www.fox.com/counter/r51/reports	2011	040393599	017249443	cfe50746-425a-42c7-a0a7-0f45a8e70138	4c03b3b	False	True	False	Break number profess	Outside si
Erika Webster	5.1	http://www.edwards.org/counter/r51/reports	2017	098347801	037781839	9e2e8b73-af7b-4a86-8246-4e188a4697a0	52f0500	True	True	False	Explain safe big ava	Give car m
Kathleen Jones	5.1	https://brown.net/counter/r51/reports	1977	048476379	112673299	94d28825-4fbc-4d2e-91f9-30d0314fb7bb	28f7f29	True	True	False	Effort short myself 	Actually e
Kelly Dougherty	5.1	https://www.smith.com/counter/r51/reports	2018	080582713	077322957	a082392c-3022-456e-a6d3-f6e0aa7d3244	34b69a1	False	False	True	Far series lawyer mi	How cold D
Kristin Guerrero	5.1	http://wilkerson.com/counter/r51/reports	1989	021254314	015159784	bf932f07-9770-46a7-b47f-6c28aaf4adef	459b51c	True	True	True	On try house face wa	Door magaz
Travis Pitts	5.1	http://ramos-anderson.org/counter/r51/reports	1970	015398998	117622591	27f00ce1-e859-48e3-96b5-a195b4fa6ee0	313c3ab	False	False	True	Staff reason father 	Contain ab
Jeffery Morgan	5.1	https://porter.com/counter/r51/reports	1994	058733439	126223826	b847a535-41bc-4f68-b6f5-1a9a17e2f6f9	69e03cc	True	True	True	Model throughout for	Image hope
Angela Ramirez	5.1	http://www.hughes.biz/counter/r51/reports	1975	036987841	030021949	86a620b2-5844-4f66-b492-469638411bf0	b513c3e	True	True	False	Red test which artis	Next write
Noah Orr	5.1	https://long.org/counter/r51/reports	2004	038285088	054511338	3fae0f39-ee62-43ef-bd93-bc2780b71cb3	f926063	True	False	False	Much door fight chai	Job skin p
Matthew Smith	5.1	https://www.patel.com/counter/r51/reports	1978	024364861	011896698	18dbcad7-3cd0-42e2-bfa4-4afebaac551a	55c5c87	False	False	True	Have allow movement 	Remain dat
Angela Smith	5.1	https://www.young.com/counter/r51/reports	1983	018320976	114409432	960b74dd-5924-438a-9e59-0219b9997faf	fe759c7	True	False	True	Sea resource site pe	Process gl
Courtney Oneal	5.1	http://williams.info/counter/r51/reports	1992	036032725	036874035	332ebb61-1862-4354-b299-746010dcfda3	facd665	True	False	True	Allow any member tou	Likely wes
Brittany Black	5.1	http://www.bailey-lopez.com/counter/r51/reports	1979	045425242	040528830	f71c3724-d323-4b57-9976-b785510dd585	69f0a94	False	False	True	Your ago position wh	Various ra
John Cunningham	5.1	http://www.byrd.biz/counter/r51/reports	1982	101731621	047405655	f9137b53-2aab-430d-8fbb-c74ce591331a	5287391	True	True	True	Late stay with impor	Person Dem
Mark Taylor	5.1	https://www.frederick.com/counter/r51/reports	1999	056660931	020613626	bc761b30-3a02-4221-bc5b-91c45a19198c	a7b8ee8	True	True	True	Opportunity reflect 	Sure case 
Trevor Pineda	5.1	https://www.washington-wells.net/counter/r51/reports	1986	088697736	096356014	2757fe1b-d798-403a-92bb-789cdd631b1c	4e20473	False	True	False	Measure per indeed q	Certainly 
James Sanchez	5.1	http://olson.com/counter/r51/reports	2019	048756206	057503644	2e2297be-1369-4cf1-969c-ae4953455440	7e7945e	False	True	False	Suggest others sudde	Where netw
Tyler Johnson	5.1	http://www.petersen.info/counter/r51/reports	2016	063336863	106728480	50de58b5-19e5-4100-a400-1943605fed88	38b8e65	False	True	True	Send into realize no	Offer eye 
Brittany Acosta	5.1	http://richardson-tran.com/counter/r51/reports	2005	060296867	023224889	1d98aaab-a3ea-4991-9f00-a0b1265ee8c6	e2111e3	True	False	True	Of force cup underst	Continue f
Keith Morris II	5.1	http://www.jensen-bradford.com/counter/r51/reports	1990	125784777	122274400	c2672053-b616-4e05-905d-b3eec961aa79	1d35387	False	False	True	Attorney reach discu	Stock pret
Shane Parks	5.1	http://www.robinson.com/counter/r51/reports	2019	063586626	054359011	7c4055f1-6f45-4208-99ca-c5fec8aed895	924b8cf	False	True	False	Rich value see natur	Mean membe
Larry Burke	5.1	https://www.brown.com/counter/r51/reports	2000	054500640	010896204	9ce31c48-e1a3-4494-a3c9-2e3f0673d230	e23ab29	True	True	False	Impact thought money	Baby cost 
Diane Stout	5.1	https://www.zamora.com/counter/r51/reports	2009	063835063	011040509	0a94a050-5851-4aee-a52a-ddb0ddf186ce	d2dfd17	False	True	False	Thing stuff structur	Election o
Kenneth King	5.1	https://hooper.com/counter/r51/reports	1985	060522803	056611689	6e255f47-a2da-41d0-b939-ba9f33c106eb	524e954	False	False	False	Just stuff music dev	Adult air 
Robert Collins	5.1	https://www.lowe-phillips.com/counter/r51/reports	1991	054109397	055295705	4d664396-93b0-4c96-8d26-27cf597577e5	b4623f4	True	True	True	Leg rule range war s	Far body t
Melanie Morales	5.1	https://peterson-howard.biz/counter/r51/reports	2009	057823463	080913887	94e08062-c279-4885-8244-d4e9062f2984	15da964	False	False	True	Partner I weight wis	Staff reas
Tracy Thomas	5.1	http://huff-dixon.com/counter/r51/reports	1972	035517089	126473540	1ff01d2a-b637-4ebb-aa30-c3d961522910	4b29f29	True	True	False	Majority character a	Citizen ne
Barbara Ruiz	5.1	https://bennett-gardner.biz/counter/r51/reports	1997	067628881	037179823	f66f04ef-8716-48c1-8785-b99698d41789	1a0baf5	False	True	True	Art others control s	Treat came
Tiffany Green	5.1	http://thompson-juarez.com/counter/r51/reports	2017	016254882	036542338	4122d520-704c-4627-ad56-6dff47f7cbe9	abe5330	False	True	True	Laugh add record rai	Machine I 
Elizabeth Smith	5.1	https://www.oliver.net/counter/r51/reports	1992	073462743	107184081	d81fbee6-9417-4313-9e6d-4b5da83c7584	8507beb	True	False	True	Crime include sister	Worker yea
Joan Nelson MD	5.1	https://www.bryan.com/counter/r51/reports	2022	119121731	050728824	0947648c-5ab9-440b-b947-d9def3f89bff	bda8db8	False	False	True	Whose in wide office	Ago Mrs fi
Craig Randall	5.1	https://manning.net/counter/r51/reports	2009	113018109	059980883	5a99b858-ac82-4ec4-863c-98af76c610cb	261d669	False	False	True	Really drop front in	Blue few r
Stephanie Savage	5.1	https://mcbride.com/counter/r51/reports	2010	078259469	072611362	885b8887-0f70-4c5a-ac57-53d39dec16f0	6f15139	False	True	True	Full believe gun wee	Performanc
Paul Carter	5.1	http://www.robles.net/counter/r51/reports	2021	107843911	029962705	bb7645e6-662e-4ac6-86fa-5f4c112ea0f2	ff7e8d0	False	True	True	Near look technology	Question w
Stephen Frederick	5.1	http://patterson-davis.com/counter/r51/reports	1985	089520792	117182332	a6f6ca4b-a5ce-499f-8a90-d9620ca02888	872357b	True	True	False	North apply involve 	Another di
Clinton Donovan	5.1	https://martinez.com/counter/r51/reports	2007	031917748	066573681	b0d63316-8834-47bc-9c36-05b66aafad4a	721aa9c	False	False	False	Focus this behavior 	Whole oper
Sarah Lewis	5.1	http://osborn-barrett.com/counter/r51/reports	1977	069028803	121274100	5920acf3-dd5c-4f56-8307-de194ce9b91f	2c31d97	True	False	False	Strong memory techno	Official b
Matthew Marks	5.1	https://www.gonzalez.com/counter/r51/reports	1990	039329794	128580156	10d15546-5970-4cfb-86d8-894f9ed1699e	38f175b	True	False	False	Eat fill these art f	Economy Mr
James Tyler	5.1	https://miller.biz/counter/r51/reports	2001	114178608	102374728	a34a4cdc-20ab-4a1c-90c8-0b3318a15b6b	e6f9403	True	False	False	Interesting clear va	Nice relig
Andrew Pierce	5.1	http://mckee.com/counter/r51/reports	2001	041161212	109809267	d552108f-6b37-4592-8f3a-5e5435a0ff44	b80aa1f	False	False	True	Live identify some f	Cause seat
Douglas Salazar	5.1	https://www.smith.com/counter/r51/reports	2014	041407390	094503953	cdf34549-1464-42a2-be5b-9367741d3446	d276a9d	False	False	False	Assume else sit pare	Plan film 
Sarah Keller	5.1	https://joseph.biz/counter/r51/reports	1985	115237687	041431735	320c0e86-55cf-4a63-b066-1c21caecc889	eb80f5b	True	False	False	Peace fill race find	Pretty two
Ashley Johnson	5.1	https://www.hurley.com/counter/r51/reports	1983	029036408	016525731	a0f794af-147c-4b13-9cf3-6248d429825c	12f3cfd	True	True	True	Election consumer im	Loss thing
Preston Rodgers	5.1	http://mccoy.org/counter/r51/reports	2005	054222041	032563191	8a987528-b9cc-4962-99a2-ddbb3261ec2e	3ad43df	False	False	True	Financial thing serv	Increase c
Maria Harrison	5.1	http://www.tucker.org/counter/r51/reports	1973	077499851	116731386	a2a458f2-ec89-47f0-ba00-23233db8758e	7945fd8	False	True	False	Between enough inclu	Difficult 
Ashley Grant	5.1	https://spencer.com/counter/r51/reports	2000	123177713	116932583	dcbaf26a-9d29-4cd6-ac36-728b25c0fc50	137abb2	False	True	True	Believe list alone h	Before dat
Travis Powell	5.1	http://stewart-peters.com/counter/r51/reports	2019	115303375	054072628	f4e71d6f-758b-41da-b02a-66aafedd8616	299d7b7	True	True	False	Happen husband us I 	Work every
Brandy Carrillo	5.1	http://www.anderson-huffman.com/counter/r51/reports	1975	115746819	039820552	5efedcef-fa50-483b-acb6-4d587b348099	4bdee73	True	True	True	High pattern size an	Bank recen
Jamie Strickland	5.1	http://barnes.com/counter/r51/reports	1983	093828891	116068033	df577ed2-4510-403c-9280-dad6dd50a274	9b3bc34	False	False	False	Behavior evidence be	Hold commo
Beth Gordon	5.1	https://gray.com/counter/r51/reports	1985	106746064	085639328	199527ac-e482-4796-8574-906f7f972183	79264f3	True	False	False	Market ttrue scene la	Size deep 
Michelle Mercer	5.1	https://www.gray-watkins.com/counter/r51/reports	2014	062333430	118292140	70221438-fba0-40e1-9605-3bf2a96c4c5f	c8461b7	True	True	False	Contain walk either 	Future hun
Sandra Molina	5.1	http://freeman.com/counter/r51/reports	1997	060039396	048857820	f316a4f3-6718-4435-93f6-eed74716e3ca	3768f4e	False	False	True	Degree very informat	Apply offi
Angela Arnold	5.1	https://gutierrez.com/counter/r51/reports	2018	123677417	126554906	9b108b58-a04b-4a9c-b129-976e1603c99f	03a126c	False	True	True	Bank serve space red	Blood ever
James Powell	5.1	http://www.sharp-mitchell.com/counter/r51/reports	1989	050131466	096646481	39b0c624-aba3-4f10-b47b-6f768536b72b	607729a	False	True	True	Wait month yet secur	Still agai
Donna Beck	5.1	http://cook.biz/counter/r51/reports	2018	112315340	070743038	9e6ede2a-fafa-4a3e-ac4a-0c84d8ea32a4	be6d0ba	False	False	True	Answer seek field cl	Ready visi
Brandon Jackson	5.1	http://smith-collins.com/counter/r51/reports	1983	033196596	051295013	0403e3a2-01e4-472c-bf6d-83122b435505	b9f9d22	False	True	False	And space factor roa	Step sever
Joe Harding	5.1	http://owens.net/counter/r51/reports	2006	011856586	045109199	fb260494-cd80-4d6e-8c68-73474fec1b67	de61eeb	True	True	False	Skin may several ord	Open yeah 
Shane Williams	5.1	http://landry.biz/counter/r51/reports	1971	029675571	024222848	671a6c08-61a7-4935-ba12-d55accec92e6	71e5e5f	False	False	False	Key case day majorit	Experience
fire	5.1	http://fire.com/counter/r51/reports	2019	fireeee				False	False	False		
